session_id,x_um,y_um,date_yyyymmdd,time_hhmm,total_captured_sweeps,saved_sweeps,sweeps_per_block,samples_per_block,csv_path,meta_path,timestamp,notes,fs_hz,force_available,x_force_available,z_force_available,total_force_samples,calibration_offset_x,calibration_offset_z,force_note,timing_csv
180_20260224_1537,,,20260224,1537,30207,30207,1,5,/Users/jiayi/Princeton Dropbox/Jiayi Zhang/sensetics/linearity_test_ch5/180_20260224_1537.csv,/Users/jiayi/Princeton Dropbox/Jiayi Zhang/sensetics/linearity_test_ch5/180_20260224_1537_metadata.json,2026-02-24 15:37:14,dz=180,1424.5014245014245,true,true,true,420,4335.5,-44237.1,Force data synchronized with ADC samples (calibrated to zero at connection),/Users/jiayi/Princeton Dropbox/Jiayi Zhang/sensetics/linearity_test_ch5/_20260224_1536_block_timing.csv
190_20260224_1538,,,20260224,1538,28159,28159,1,5,/Users/jiayi/Princeton Dropbox/Jiayi Zhang/sensetics/linearity_test_ch5/190_20260224_1538.csv,/Users/jiayi/Princeton Dropbox/Jiayi Zhang/sensetics/linearity_test_ch5/190_20260224_1538_metadata.json,2026-02-24 15:38:24,dz=190,1424.5014245014245,true,true,true,392,4335.5,-44237.1,Force data synchronized with ADC samples (calibrated to zero at connection),/Users/jiayi/Princeton Dropbox/Jiayi Zhang/sensetics/linearity_test_ch5/190_20260224_1538_block_timing.csv
200_20260224_1539,,,20260224,1539,36181,36181,1,5,/Users/jiayi/Princeton Dropbox/Jiayi Zhang/sensetics/linearity_test_ch5/200_20260224_1539.csv,/Users/jiayi/Princeton Dropbox/Jiayi Zhang/sensetics/linearity_test_ch5/200_20260224_1539_metadata.json,2026-02-24 15:39:21,dz=200,1424.5014245014245,true,true,true,504,4335.5,-44237.1,Force data synchronized with ADC samples (calibrated to zero at connection),/Users/jiayi/Princeton Dropbox/Jiayi Zhang/sensetics/linearity_test_ch5/200_20260224_1538_block_timing.csv
_20260224_1058,,,,,34986,34986,1,5,/Users/jiayi/Princeton Dropbox/Jiayi Zhang/sensetics/linearity_test_ch5/_20260224_1058.csv,/Users/jiayi/Princeton Dropbox/Jiayi Zhang/sensetics/linearity_test_ch5/_20260224_1058_metadata.json,2026-02-24 10:58:16,dz=50,1424.5014245014245,true,true,true,484,4335.5,-44237.1,Force data synchronized with ADC samples (calibrated to zero at connection),/Users/jiayi/Princeton Dropbox/Jiayi Zhang/sensetics/linearity_test_ch5/_20260224_1057_block_timing.csv
_20260224_1059,,,,,38229,38229,1,5,/Users/jiayi/Princeton Dropbox/Jiayi Zhang/sensetics/linearity_test_ch5/_20260224_1059.csv,/Users/jiayi/Princeton Dropbox/Jiayi Zhang/sensetics/linearity_test_ch5/_20260224_1059_metadata.json,2026-02-24 10:59:26,dz=100,1424.5014245014245,true,true,true,529,4335.5,-44237.1,Force data synchronized with ADC samples (calibrated to zero at connection),/Users/jiayi/Princeton Dropbox/Jiayi Zhang/sensetics/linearity_test_ch5/_20260224_1058_block_timing.csv
_20260224_1100,,,,,31914,31914,1,5,/Users/jiayi/Princeton Dropbox/Jiayi Zhang/sensetics/linearity_test_ch5/_20260224_1100.csv,/Users/jiayi/Princeton Dropbox/Jiayi Zhang/sensetics/linearity_test_ch5/_20260224_1100_metadata.json,2026-02-24 11:00:16,dz=150,1424.5014245014245,true,true,true,441,4335.5,-44237.1,Force data synchronized with ADC samples (calibrated to zero at connection),/Users/jiayi/Princeton Dropbox/Jiayi Zhang/sensetics/linearity_test_ch5/_20260224_1059_block_timing.csv
_20260224_1101,,,,,31914,31914,1,5,/Users/jiayi/Princeton Dropbox/Jiayi Zhang/sensetics/linearity_test_ch5/_20260224_1101.csv,/Users/jiayi/Princeton Dropbox/Jiayi Zhang/sensetics/linearity_test_ch5/_20260224_1101_metadata.json,2026-02-24 11:01:09,dz=200,1424.5014245014245,true,true,true,440,4335.5,-44237.1,Force data synchronized with ADC samples (calibrated to zero at connection),/Users/jiayi/Princeton Dropbox/Jiayi Zhang/sensetics/linearity_test_ch5/_20260224_1100_block_timing.csv
_20260224_1102,,,,,34303,34303,1,5,/Users/jiayi/Princeton Dropbox/Jiayi Zhang/sensetics/linearity_test_ch5/_20260224_1102.csv,/Users/jiayi/Princeton Dropbox/Jiayi Zhang/sensetics/linearity_test_ch5/_20260224_1102_metadata.json,2026-02-24 11:02:02,dz=250,1424.5014245014245,true,true,true,475,4335.5,-44237.1,Force data synchronized with ADC samples (calibrated to zero at connection),/Users/jiayi/Princeton Dropbox/Jiayi Zhang/sensetics/linearity_test_ch5/_20260224_1101_block_timing.csv
_20260224_1103,,,,,29354,29354,1,5,/Users/jiayi/Princeton Dropbox/Jiayi Zhang/sensetics/linearity_test_ch5/_20260224_1103.csv,/Users/jiayi/Princeton Dropbox/Jiayi Zhang/sensetics/linearity_test_ch5/_20260224_1103_metadata.json,2026-02-24 11:03:45,dz=300,1424.5014245014245,true,true,true,405,4335.5,-44237.1,Force data synchronized with ADC samples (calibrated to zero at connection),/Users/jiayi/Princeton Dropbox/Jiayi Zhang/sensetics/linearity_test_ch5/_20260224_1103_block_timing.csv
_20260224_1104,,,,,30378,30378,1,5,/Users/jiayi/Princeton Dropbox/Jiayi Zhang/sensetics/linearity_test_ch5/_20260224_1104.csv,/Users/jiayi/Princeton Dropbox/Jiayi Zhang/sensetics/linearity_test_ch5/_20260224_1104_metadata.json,2026-02-24 11:04:35,dz=0,1424.5014245014245,true,true,true,420,4335.5,-44237.1,Force data synchronized with ADC samples (calibrated to zero at connection),/Users/jiayi/Princeton Dropbox/Jiayi Zhang/sensetics/linearity_test_ch5/_20260224_1104_block_timing.csv
_20260224_1506,,,,,32085,32085,1,5,/Users/jiayi/Princeton Dropbox/Jiayi Zhang/sensetics/linearity_test_ch5/_20260224_1506.csv,/Users/jiayi/Princeton Dropbox/Jiayi Zhang/sensetics/linearity_test_ch5/_20260224_1506_metadata.json,2026-02-24 15:06:19,dz=160,1424.5014245014245,true,true,true,447,4335.5,-44237.1,Force data synchronized with ADC samples (calibrated to zero at connection),/Users/jiayi/Princeton Dropbox/Jiayi Zhang/sensetics/linearity_test_ch5/_20260224_1505_block_timing.csv
_20260224_1507,,,,,29354,29354,1,5,/Users/jiayi/Princeton Dropbox/Jiayi Zhang/sensetics/linearity_test_ch5/_20260224_1507.csv,/Users/jiayi/Princeton Dropbox/Jiayi Zhang/sensetics/linearity_test_ch5/_20260224_1507_metadata.json,2026-02-24 15:07:54,dz=180,1424.5014245014245,true,true,true,408,4335.5,-44237.1,Force data synchronized with ADC samples (calibrated to zero at connection),/Users/jiayi/Princeton Dropbox/Jiayi Zhang/sensetics/linearity_test_ch5/_20260224_1507_block_timing.csv
_20260224_1508,,,,,27647,27647,1,5,/Users/jiayi/Princeton Dropbox/Jiayi Zhang/sensetics/linearity_test_ch5/_20260224_1508.csv,/Users/jiayi/Princeton Dropbox/Jiayi Zhang/sensetics/linearity_test_ch5/_20260224_1508_metadata.json,2026-02-24 15:08:46,dz=190,1424.5014245014245,true,true,true,384,4335.5,-44237.1,Force data synchronized with ADC samples (calibrated to zero at connection),/Users/jiayi/Princeton Dropbox/Jiayi Zhang/sensetics/linearity_test_ch5/_20260224_1508_block_timing.csv
_20260224_1509,,,,,30890,30890,1,5,/Users/jiayi/Princeton Dropbox/Jiayi Zhang/sensetics/linearity_test_ch5/_20260224_1509.csv,/Users/jiayi/Princeton Dropbox/Jiayi Zhang/sensetics/linearity_test_ch5/_20260224_1509_metadata.json,2026-02-24 15:09:53,dz=210,1424.5014245014245,true,true,true,430,4335.5,-44237.1,Force data synchronized with ADC samples (calibrated to zero at connection),/Users/jiayi/Princeton Dropbox/Jiayi Zhang/sensetics/linearity_test_ch5/_20260224_1509_block_timing.csv
_20260224_1510,,,,,32255,32255,1,5,/Users/jiayi/Princeton Dropbox/Jiayi Zhang/sensetics/linearity_test_ch5/_20260224_1510.csv,/Users/jiayi/Princeton Dropbox/Jiayi Zhang/sensetics/linearity_test_ch5/_20260224_1510_metadata.json,2026-02-24 15:10:46,dz=220,1424.5014245014245,true,true,true,449,4335.5,-44237.1,Force data synchronized with ADC samples (calibrated to zero at connection),/Users/jiayi/Princeton Dropbox/Jiayi Zhang/sensetics/linearity_test_ch5/_20260224_1510_block_timing.csv
_20260224_1511,,,,,29866,29866,1,5,/Users/jiayi/Princeton Dropbox/Jiayi Zhang/sensetics/linearity_test_ch5/_20260224_1511.csv,/Users/jiayi/Princeton Dropbox/Jiayi Zhang/sensetics/linearity_test_ch5/_20260224_1511_metadata.json,2026-02-24 15:11:38,dz=230,1424.5014245014245,true,true,true,414,4335.5,-44237.1,Force data synchronized with ADC samples (calibrated to zero at connection),/Users/jiayi/Princeton Dropbox/Jiayi Zhang/sensetics/linearity_test_ch5/_20260224_1511_block_timing.csv
_20260224_1512,,,,,35839,35839,1,5,/Users/jiayi/Princeton Dropbox/Jiayi Zhang/sensetics/linearity_test_ch5/_20260224_1512.csv,/Users/jiayi/Princeton Dropbox/Jiayi Zhang/sensetics/linearity_test_ch5/_20260224_1512_metadata.json,2026-02-24 15:12:44,dz=240,1424.5014245014245,true,true,true,498,4335.5,-44237.1,Force data synchronized with ADC samples (calibrated to zero at connection),/Users/jiayi/Princeton Dropbox/Jiayi Zhang/sensetics/linearity_test_ch5/_20260224_1512_block_timing.csv
_20260224_1513,,,,,30890,30890,1,5,/Users/jiayi/Princeton Dropbox/Jiayi Zhang/sensetics/linearity_test_ch5/_20260224_1513.csv,/Users/jiayi/Princeton Dropbox/Jiayi Zhang/sensetics/linearity_test_ch5/_20260224_1513_metadata.json,2026-02-24 15:13:52,dz=260,1424.5014245014245,true,true,true,430,4335.5,-44237.1,Force data synchronized with ADC samples (calibrated to zero at connection),/Users/jiayi/Princeton Dropbox/Jiayi Zhang/sensetics/linearity_test_ch5/_20260224_1513_block_timing.csv
_20260224_1515,,,,,28330,28330,1,5,/Users/jiayi/Princeton Dropbox/Jiayi Zhang/sensetics/linearity_test_ch5/_20260224_1515.csv,/Users/jiayi/Princeton Dropbox/Jiayi Zhang/sensetics/linearity_test_ch5/_20260224_1515_metadata.json,2026-02-24 15:15:18,dz=270,1424.5014245014245,true,true,true,394,4335.5,-44237.1,Force data synchronized with ADC samples (calibrated to zero at connection),/Users/jiayi/Princeton Dropbox/Jiayi Zhang/sensetics/linearity_test_ch5/_20260224_1514_block_timing.csv
_20260224_1516,,,,,30549,30549,1,5,/Users/jiayi/Princeton Dropbox/Jiayi Zhang/sensetics/linearity_test_ch5/_20260224_1516.csv,/Users/jiayi/Princeton Dropbox/Jiayi Zhang/sensetics/linearity_test_ch5/_20260224_1516_metadata.json,2026-02-24 15:16:35,dz=280,1424.5014245014245,true,true,true,426,4335.5,-44237.1,Force data synchronized with ADC samples (calibrated to zero at connection),/Users/jiayi/Princeton Dropbox/Jiayi Zhang/sensetics/linearity_test_ch5/_20260224_1516_block_timing.csv
_20260224_1517,,,,,29183,29183,1,5,/Users/jiayi/Princeton Dropbox/Jiayi Zhang/sensetics/linearity_test_ch5/_20260224_1517.csv,/Users/jiayi/Princeton Dropbox/Jiayi Zhang/sensetics/linearity_test_ch5/_20260224_1517_metadata.json,2026-02-24 15:17:56,dz=290,1424.5014245014245,true,true,true,405,4335.5,-44237.1,Force data synchronized with ADC samples (calibrated to zero at connection),/Users/jiayi/Princeton Dropbox/Jiayi Zhang/sensetics/linearity_test_ch5/_20260224_1517_block_timing.csv
_20260224_1536,,,,,27989,27989,1,5,/Users/jiayi/Princeton Dropbox/Jiayi Zhang/sensetics/linearity_test_ch5/_20260224_1536.csv,/Users/jiayi/Princeton Dropbox/Jiayi Zhang/sensetics/linearity_test_ch5/_20260224_1536_metadata.json,2026-02-24 15:36:05,dz=170,1424.5014245014245,true,true,true,389,4335.5,-44237.1,Force data synchronized with ADC samples (calibrated to zero at connection),/Users/jiayi/Princeton Dropbox/Jiayi Zhang/sensetics/linearity_test_ch5/_20260224_1535_block_timing.csv
