CH1_pk98,CH1_p2p99,CH1_eng,CH1_posmean,CH2_pk98,CH2_p2p99,CH2_eng,CH2_posmean,CH3_pk98,CH3_p2p99,CH3_eng,CH3_posmean,CH4_pk98,CH4_p2p99,CH4_eng,CH4_posmean,CH5_pk98,CH5_p2p99,CH5_eng,CH5_posmean,CH1_pk98_norm,CH2_pk98_norm,CH3_pk98_norm,CH4_pk98_norm,CH5_pk98_norm,force_peak,channel_tapped
19.0,32.879999999999995,63.647887323943664,4.056338028169014,17.75999999999999,35.39999999999999,58.502347417840376,3.1220657276995305,14.0,27.75999999999999,41.291079812206576,2.8262910798122065,10.0,24.88,33.056338028169016,2.4413145539906105,40.0,68.39999999999998,278.18779342723,8.87793427230047,0.18856689162365833,0.1762604208019037,0.13894402540690615,0.09924573243350439,0.39698292973401755,12484.699999999997,5
17.519999999999982,35.27999999999998,53.690140845070424,3.68075117370892,16.5,33.75999999999999,49.52699530516432,2.863849765258216,11.759999999999991,23.879999999999995,31.793427230046948,2.460093896713615,9.0,19.759999999999994,24.36150234741784,2.164319248826291,39.0,63.639999999999986,234.15023474178403,7.746478873239437,0.18682021753038816,0.17594369801663287,0.1253998720409455,0.09596928982725429,0.4158669225847686,11855.699999999997,5
16.25999999999999,34.39999999999999,55.22652582159625,2.8896713615023475,15.0,32.519999999999996,50.708920187793424,2.976525821596244,10.0,27.64,34.431924882629104,2.0375586854460095,9.5,22.759999999999994,27.21713615023474,2.1455399061032865,30.75999999999999,57.0,215.63849765258215,5.901408450704225,0.1994602551521074,0.18400392541707336,0.12266928361138224,0.11653581943081313,0.37733071638861165,11721.699999999997,5
18.0,35.879999999999995,61.36150234741784,4.009389671361502,17.519999999999982,35.0,56.863849765258216,3.084507042253521,14.519999999999982,31.51999999999999,40.859154929577464,2.8215962441314555,11.759999999999991,25.759999999999998,30.389671361502348,1.9812206572769953,44.51999999999998,73.16,255.1361502347418,7.971830985915493,0.16930022573363282,0.16478555304740244,0.13656884875846365,0.11060948081264003,0.4187358916478517,12252.699999999997,5
17.0,32.879999999999995,58.25821596244131,3.0093896713615025,17.0,32.0,50.23004694835681,2.272300469483568,11.0,26.63999999999999,38.478873239436616,2.103286384976526,9.0,22.88,29.990610328638496,1.784037558685446,38.0,62.75999999999999,268.03286384976525,7.924882629107981,0.18478260869565016,0.18478260869565016,0.11956521739130306,0.09782608695652067,0.4130434782608651,11873.699999999997,5
19.75999999999999,33.75999999999999,56.093896713615024,3.6948356807511735,16.0,36.519999999999996,58.04225352112676,3.15962441314554,13.0,27.0,36.624413145539904,2.563380281690141,11.0,21.88,28.793427230046948,2.295774647887324,34.0,67.03999999999996,224.91079812206573,6.436619718309859,0.21075085324231851,0.17064846416382073,0.13865187713310434,0.11732081911262675,0.36262798634811905,11674.699999999997,5
16.75999999999999,32.75999999999999,57.53521126760563,3.2253521126760565,20.75999999999999,35.0,59.431924882629104,3.5774647887323945,12.0,24.88,36.64319248826291,2.464788732394366,10.759999999999991,23.759999999999994,30.422535211267604,2.023474178403756,32.0,60.639999999999986,213.71830985915494,6.380281690140845,0.18162115301256843,0.22496749024707166,0.13003901170350968,0.11660164716081359,0.3467706978760258,11655.699999999997,5
16.0,29.759999999999994,57.04225352112676,3.7699530516431925,15.0,31.759999999999994,49.075117370892016,3.0187793427230045,11.0,29.279999999999994,37.178403755868544,2.68075117370892,9.0,21.759999999999994,28.380281690140844,2.328638497652582,37.01999999999998,62.879999999999995,249.4237089201878,7.338028169014085,0.18177686889343128,0.17041581458759184,0.12497159736423401,0.1022494887525551,0.42058623040217646,11586.699999999997,5
17.75999999999999,31.0,50.63380281690141,2.807511737089202,17.0,32.879999999999995,47.305164319248824,2.816901408450704,10.0,24.759999999999998,33.075117370892016,1.9953051643192488,9.759999999999991,22.879999999999995,25.23474178403756,2.0187793427230045,35.0,59.76,220.11737089201878,7.032863849765258,0.1983914209115259,0.1899016979445913,0.11170688114387724,0.10902591599642408,0.39097408400357037,11712.699999999997,5
18.0,37.15999999999997,63.244131455399064,3.859154929577465,19.519999999999982,35.75999999999999,55.23474178403756,2.9530516431924885,13.759999999999991,25.759999999999994,38.81220657276995,3.028169014084507,12.759999999999991,23.0,31.422535211267604,2.6384976525821595,35.51999999999998,62.27999999999998,233.33333333333334,7.023474178403756,0.18079550020088217,0.19606267577340095,0.13820811570911873,0.12816392125351417,0.356769787063074,11821.699999999997,5
14.759999999999991,30.639999999999986,50.755868544600936,3.211267605633803,15.759999999999991,30.879999999999995,48.413145539906104,2.915492957746479,11.759999999999991,26.39999999999998,33.25821596244131,2.4788732394366195,10.0,20.88,24.305164319248828,2.131455399061033,36.0,63.75999999999999,220.06103286384976,6.370892018779343,0.16719528772088615,0.17852288173991637,0.13321250566379544,0.11327594019030233,0.4077933846850884,11594.699999999997,5
17.75999999999999,31.0,56.34272300469483,3.948356807511737,14.759999999999991,28.0,46.87323943661972,2.9061032863849765,13.0,26.759999999999998,37.29577464788732,3.131455399061033,10.0,22.0,29.11737089201878,2.4413145539906105,37.0,66.51999999999998,245.4882629107981,8.408450704225352,0.19195849546043886,0.1595330739299593,0.1405101599654114,0.10808473843493184,0.39991353220924786,12116.699999999997,5
19.75999999999999,32.75999999999999,62.91079812206573,3.9859154929577465,18.799999999999955,37.879999999999995,56.15492957746479,3.5868544600938965,14.0,27.759999999999994,39.53521126760563,2.7417840375586855,12.0,23.88,33.610328638497656,3.07981220657277,37.539999999999964,58.64,242.44718309859155,9.049295774647888,0.19353574926542425,0.18413320274240733,0.13712047012732495,0.11753183153770709,0.36767874632712666,11585.699999999997,5
17.0,35.27999999999998,53.85446009389671,3.0704225352112675,19.0,34.75999999999999,52.81220657276995,3.356807511737089,12.0,24.0,35.21596244131455,2.460093896713615,11.0,21.0,28.600938967136152,2.1549295774647885,37.25999999999999,63.639999999999986,229.74295774647888,7.070422535211268,0.17660502804903205,0.1973820901724476,0.12466237274049322,0.11427384167878545,0.38707666735923135,11720.699999999997,5
19.519999999999982,38.27999999999998,61.586854460093896,4.023474178403756,16.75999999999999,31.879999999999995,46.051643192488264,2.6948356807511735,12.759999999999991,29.879999999999995,40.671361502347416,2.8262910798122065,11.759999999999991,25.879999999999995,32.04225352112676,2.4178403755868545,42.27999999999997,68.75999999999999,281.77464788732397,9.854460093896714,0.18936748156771252,0.16259216142801552,0.12378734963135309,0.11408614668218749,0.4101668606907217,11755.699999999997,5
18.5,30.0,56.38145539906103,3.8497652582159625,16.5,35.75999999999999,55.42370892018779,2.784037558685446,11.519999999999982,28.879999999999995,35.44131455399061,2.215962441314554,11.0,23.88,28.7981220657277,2.408450704225352,38.75999999999999,61.879999999999995,258.07511737089203,9.300469483568076,0.1921479019526362,0.17137515579559445,0.11965101786456031,0.11425010386372964,0.4025758205234691,11993.699999999997,5
16.75999999999999,28.88,47.497652582159624,3.6901408450704225,15.0,32.639999999999986,46.093896713615024,2.76056338028169,10.5,21.879999999999995,29.818075117370892,2.779342723004695,8.759999999999991,20.879999999999995,25.685446009389672,1.8544600938967135,37.51999999999998,61.879999999999995,220.03286384976525,7.863849765258216,0.1892929749265847,0.16941495369324416,0.1185904675852709,0.09893833295685449,0.4237632708380345,11834.699999999997,5
16.75999999999999,32.0,50.375586854460096,3.267605633802817,17.75999999999999,34.879999999999995,52.647887323943664,2.976525821596244,12.0,28.0,35.666666666666664,2.544600938967136,11.0,24.879999999999995,30.863849765258216,2.2582159624413145,36.0,60.879999999999995,234.71361502347418,8.12206572769953,0.17921300256629402,0.1899059024807507,0.12831479897348028,0.11762189905902358,0.3849443969204408,11558.699999999997,5
19.75999999999999,32.75999999999999,54.647887323943664,3.892018779342723,18.019999999999982,33.0,50.37206572769953,2.7535211267605635,13.0,26.759999999999994,38.46948356807512,3.295774647887324,10.759999999999991,24.639999999999993,33.96244131455399,2.5868544600938965,41.0,66.51999999999998,250.12206572769952,8.366197183098592,0.19270528574214751,0.17573629803003524,0.1267797932514129,0.10493465964501551,0.3998439633313791,12041.699999999997,5
17.0,32.639999999999986,56.71830985915493,3.539906103286385,16.75999999999999,34.75999999999999,52.098591549295776,2.92018779342723,14.519999999999982,26.0,36.83098591549296,2.6619718309859155,10.0,21.0,28.375586854460092,2.2253521126760565,34.75999999999999,60.879999999999995,235.29107981220656,7.154929577464789,0.1827171109200325,0.1801375752364555,0.15606190885640403,0.10748065348237207,0.3736027515047252,12036.699999999997,5
18.25999999999999,32.639999999999986,53.16079812206573,3.455399061032864,17.75999999999999,34.879999999999995,51.72769953051643,2.784037558685446,12.759999999999991,25.88,34.586854460093896,2.436619718309859,10.0,23.759999999999994,28.323943661971832,2.2347417840375585,31.75999999999999,61.75999999999999,228.75586854460093,6.300469483568075,0.20167881599292906,0.19615639496354983,0.14093218466975763,0.11044842058758443,0.35078418378616805,11548.699999999997,5
17.75999999999999,33.639999999999986,56.014084507042256,3.807511737089202,19.0,35.63999999999999,51.12676056338028,3.2582159624413145,12.0,25.0,37.352112676056336,2.647887323943662,11.0,24.759999999999994,31.136150234741784,2.356807511737089,36.75999999999999,61.63999999999999,225.38028169014083,7.784037558685446,0.18400331537504985,0.19685039370078541,0.12432656444260132,0.11396601740571786,0.38085370907583527,11586.699999999997,5
19.0,32.639999999999986,55.647887323943664,3.8309859154929575,17.75999999999999,32.75999999999999,45.0,3.1502347417840375,11.759999999999991,24.63999999999999,31.920187793427232,2.9389671361502345,10.0,22.759999999999994,26.751173708920188,2.1549295774647885,35.25999999999999,59.879999999999995,246.68192488262912,8.931924882629108,0.20260183407975904,0.18937939859244837,0.1253998720409455,0.10663254425250476,0.3759863510343317,11667.699999999997,5
16.75999999999999,33.75999999999999,59.009389671361504,2.924882629107981,17.75999999999999,34.879999999999995,60.10798122065728,3.596244131455399,11.0,24.879999999999995,38.863849765258216,2.755868544600939,9.759999999999991,23.879999999999995,30.56338028169014,1.9906103286384977,34.039999999999964,63.75999999999999,227.5305164319249,6.075117370892019,0.18763994626063385,0.198835647111507,0.12315270935960462,0.10927004030452182,0.38110165696372156,12073.699999999997,5
16.75999999999999,31.63999999999999,60.075117370892016,4.483568075117371,15.5,32.39999999999999,47.320422535211264,3.056338028169014,13.0,25.88,35.666666666666664,3.0469483568075115,10.759999999999991,24.75999999999999,26.615023474178404,2.187793427230047,36.01999999999998,54.879999999999995,245.0481220657277,9.42018779342723,0.18209474141677331,0.16840504128639547,0.14124293785310588,0.1169056931768783,0.39135158626683625,11656.699999999997,5
